DISEASE,RISK_TO_DIAGNOSED_RATIO
CKD,2.6640945497167414
Diabetes,0.9966389822504931
Dyslipidemia,3.1163788898644036
Heart disease,1.510440657147244
Hypertension,3.4230679792264165
Nash,5.778502361142343
Obesity,6.094689112922676
